Datum provedení;Smìr úhrady;Typ úhrady;Mìna úètu;Èástka v mìnì úètu;Název protistrany;Èíslo úètu protistrany
02.07.2026;Odchozí;Platba kartou;CZK;1148,77;KAUFLAND PRAHA 5;
06.07.2026;Odchozí;Platba kartou;CZK;1547,93;Rohlik.cz;
08.07.2026;Odchozí;Platba kartou;CZK;444,75;DM DROGERIE MARKT;
10.07.2026;Odchozí;Platba kartou;CZK;1353,70;Rohlik.cz;
12.07.2026;Pøíchozí;Pøevod mezi vlastními úèty;CZK;8000,00;Jana Nováková;9988776655/0800
14.07.2026;Odchozí;Platba kartou;CZK;1075,34;ALBERT 1234 PRAHA;
14.07.2026;Odchozí;Platba kartou;CZK;1490,00;Shell Praha Chodov;
18.07.2026;Odchozí;Platba kartou;CZK;508,87;LIDL DEKUJEME ZA NAKUP;
19.07.2026;Pøíchozí;Pøíchozí úhrada;CZK;1990,00;ALZA.CZ vrácení platby;
22.07.2026;Odchozí;Platba kartou;CZK;794,84;BILLA SPOL. S R.O.;
25.07.2026;Odchozí;Platba kartou;CZK;1990,00;ALZA.CZ;
26.07.2026;Odchozí;Platba kartou;CZK;1302,48;Rohlik.cz;
02.08.2026;Odchozí;Platba kartou;CZK;1574,50;LIDL DEKUJEME ZA NAKUP;
06.08.2026;Odchozí;Platba kartou;CZK;840,57;Rohlik.cz;
08.08.2026;Odchozí;Platba kartou;CZK;395,66;DM DROGERIE MARKT;
10.08.2026;Odchozí;Platba kartou;CZK;1329,77;KAUFLAND PRAHA 5;
12.08.2026;Pøíchozí;Pøevod mezi vlastními úèty;CZK;8000,00;Jana Nováková;9988776655/0800
14.08.2026;Odchozí;Platba kartou;CZK;1418,29;Rohlik.cz;
14.08.2026;Odchozí;Platba kartou;CZK;1490,00;Shell Praha Chodov;
18.08.2026;Odchozí;Platba kartou;CZK;1194,01;ALBERT 1234 PRAHA;
22.08.2026;Odchozí;Platba kartou;CZK;773,31;ALBERT 1234 PRAHA;
25.08.2026;Odchozí;Platba kartou;CZK;1990,00;ALZA.CZ;
26.08.2026;Odchozí;Platba kartou;CZK;1530,09;BILLA SPOL. S R.O.;
02.09.2026;Odchozí;Platba kartou;CZK;1299,66;KAUFLAND PRAHA 5;
06.09.2026;Odchozí;Platba kartou;CZK;531,34;ALBERT 1234 PRAHA;
08.09.2026;Odchozí;Platba kartou;CZK;506,47;DM DROGERIE MARKT;
10.09.2026;Odchozí;Platba kartou;CZK;1096,14;KAUFLAND PRAHA 5;
12.09.2026;Pøíchozí;Pøevod mezi vlastními úèty;CZK;8000,00;Jana Nováková;9988776655/0800
14.09.2026;Odchozí;Platba kartou;CZK;1590,67;ALBERT 1234 PRAHA;
14.09.2026;Odchozí;Platba kartou;CZK;1490,00;Shell Praha Chodov;
18.09.2026;Odchozí;Platba kartou;CZK;1588,38;BILLA SPOL. S R.O.;
22.09.2026;Odchozí;Platba kartou;CZK;1181,68;Rohlik.cz;
25.09.2026;Odchozí;Platba kartou;CZK;1990,00;ALZA.CZ;
26.09.2026;Odchozí;Platba kartou;CZK;1078,36;KAUFLAND PRAHA 5;
26.09.2026;Odchozí;Platba kartou;CZK;5490,00;Zara Praha Palladium;