Type,Product,Started Date,Completed Date,Description,Amount,Fee,Currency,State,Balance
CARD_PAYMENT,Current,2026-07-01 12:00:00,2026-07-01 12:01:00,Form Factory,-790.00,0.00,CZK,COMPLETED,
CARD_PAYMENT,Current,2026-07-01 12:00:00,2026-07-01 12:01:00,Starbucks,-131.38,0.00,CZK,COMPLETED,
CARD_PAYMENT,Current,2026-07-03 12:00:00,2026-07-03 12:01:00,Netflix,-299.00,0.00,CZK,COMPLETED,
CARD_PAYMENT,Current,2026-07-03 12:00:00,2026-07-03 12:01:00,Spotify,-199.00,0.00,CZK,COMPLETED,
CARD_PAYMENT,Current,2026-07-03 12:00:00,2026-07-03 12:01:00,Bolt Food,-287.19,0.00,CZK,COMPLETED,
CARD_PAYMENT,Current,2026-07-04 12:00:00,2026-07-04 12:01:00,Zabka,-124.88,0.00,CZK,COMPLETED,
CARD_PAYMENT,Current,2026-07-04 12:00:00,2026-07-04 12:01:00,Bolt,-139.89,0.00,CZK,COMPLETED,
CARD_PAYMENT,Current,2026-07-06 12:00:00,2026-07-06 12:01:00,Sushi Bar,-708.23,0.00,CZK,COMPLETED,
CARD_PAYMENT,Current,2026-07-07 12:00:00,2026-07-07 12:01:00,HBO Max,-259.00,0.00,CZK,COMPLETED,
CARD_PAYMENT,Current,2026-07-07 12:00:00,2026-07-07 12:01:00,Starbucks,-128.23,0.00,CZK,COMPLETED,
CARD_PAYMENT,Current,2026-07-08 12:00:00,2026-07-08 12:01:00,Bolt Food,-480.95,0.00,CZK,COMPLETED,
CARD_PAYMENT,Current,2026-07-09 12:00:00,2026-07-09 12:01:00,Apple.com/bill,-79.00,0.00,CZK,COMPLETED,
CARD_PAYMENT,Current,2026-07-10 12:00:00,2026-07-10 12:01:00,Paul Bakery,-87.98,0.00,CZK,COMPLETED,
TOPUP,Current,2026-07-11 12:00:00,2026-07-11 12:01:00,Top-Up by *1234,6000.00,0.00,CZK,COMPLETED,
CARD_PAYMENT,Current,2026-07-12 12:00:00,2026-07-12 12:01:00,Lokál Dlouhááá,-775.80,0.00,CZK,COMPLETED,
CARD_PAYMENT,Current,2026-07-12 12:00:00,2026-07-12 12:01:00,Uber,-31.31,0.00,CZK,COMPLETED,
CARD_PAYMENT,Current,2026-07-13 12:00:00,2026-07-13 12:01:00,Wolt,-377.32,0.00,CZK,COMPLETED,
CARD_PAYMENT,Current,2026-07-13 12:00:00,2026-07-13 12:01:00,Costa Coffee,-63.81,0.00,CZK,COMPLETED,
CARD_PAYMENT,Current,2026-07-16 12:00:00,2026-07-16 12:01:00,Paul Bakery,-102.43,0.00,CZK,COMPLETED,
CARD_PAYMENT,Current,2026-07-18 12:00:00,2026-07-18 12:01:00,Bistro Proti proudu,-789.92,0.00,CZK,COMPLETED,
CARD_PAYMENT,Current,2026-07-19 12:00:00,2026-07-19 12:01:00,Kavárna Místo,-82.34,0.00,CZK,COMPLETED,
CARD_PAYMENT,Current,2026-07-20 12:00:00,2026-07-20 12:01:00,Bolt,-32.36,0.00,CZK,COMPLETED,
CARD_PAYMENT,Current,2026-07-22 12:00:00,2026-07-22 12:01:00,Kavárna Místo,-59.24,0.00,CZK,COMPLETED,
CARD_PAYMENT,Current,2026-07-24 12:00:00,2026-07-24 12:01:00,Lokál Dlouhááá,-839.86,0.00,CZK,COMPLETED,
CARD_PAYMENT,Current,2026-07-25 12:00:00,2026-07-25 12:01:00,Paul Bakery,-106.74,0.00,CZK,COMPLETED,
CARD_PAYMENT,Current,2026-08-01 12:00:00,2026-08-01 12:01:00,Form Factory,-790.00,0.00,CZK,COMPLETED,
CARD_PAYMENT,Current,2026-08-01 12:00:00,2026-08-01 12:01:00,Starbucks,-94.75,0.00,CZK,COMPLETED,
CARD_PAYMENT,Current,2026-08-01 12:00:00,2026-08-01 12:01:00,Kavárna Místo,-129.86,0.00,CZK,COMPLETED,
CARD_PAYMENT,Current,2026-08-03 12:00:00,2026-08-03 12:01:00,Netflix,-299.00,0.00,CZK,COMPLETED,
CARD_PAYMENT,Current,2026-08-03 12:00:00,2026-08-03 12:01:00,Spotify,-199.00,0.00,CZK,COMPLETED,
CARD_PAYMENT,Current,2026-08-03 12:00:00,2026-08-03 12:01:00,Foodora,-317.61,0.00,CZK,COMPLETED,
CARD_PAYMENT,Current,2026-08-04 12:00:00,2026-08-04 12:01:00,Kavárna Místo,-124.11,0.00,CZK,COMPLETED,
CARD_PAYMENT,Current,2026-08-04 12:00:00,2026-08-04 12:01:00,Zabka,-67.47,0.00,CZK,COMPLETED,
CARD_PAYMENT,Current,2026-08-04 12:00:00,2026-08-04 12:01:00,Bolt,-73.14,0.00,CZK,COMPLETED,
CARD_PAYMENT,Current,2026-08-06 12:00:00,2026-08-06 12:01:00,Lokál Dlouhááá,-356.01,0.00,CZK,COMPLETED,
CARD_PAYMENT,Current,2026-08-07 12:00:00,2026-08-07 12:01:00,HBO Max,-259.00,0.00,CZK,COMPLETED,
CARD_PAYMENT,Current,2026-08-07 12:00:00,2026-08-07 12:01:00,Starbucks,-130.35,0.00,CZK,COMPLETED,
CARD_PAYMENT,Current,2026-08-07 12:00:00,2026-08-07 12:01:00,Kavárna Místo,-109.30,0.00,CZK,COMPLETED,
CARD_PAYMENT,Current,2026-08-08 12:00:00,2026-08-08 12:01:00,Wolt,-278.67,0.00,CZK,COMPLETED,
CARD_PAYMENT,Current,2026-08-09 12:00:00,2026-08-09 12:01:00,Apple.com/bill,-79.00,0.00,CZK,COMPLETED,
CARD_PAYMENT,Current,2026-08-10 12:00:00,2026-08-10 12:01:00,Kavárna Místo,-117.66,0.00,CZK,COMPLETED,
TOPUP,Current,2026-08-11 12:00:00,2026-08-11 12:01:00,Top-Up by *1234,6000.00,0.00,CZK,COMPLETED,
CARD_PAYMENT,Current,2026-08-12 12:00:00,2026-08-12 12:01:00,Pizza Nuova,-787.11,0.00,CZK,COMPLETED,
CARD_PAYMENT,Current,2026-08-12 12:00:00,2026-08-12 12:01:00,Bolt,-88.88,0.00,CZK,COMPLETED,
CARD_PAYMENT,Current,2026-08-13 12:00:00,2026-08-13 12:01:00,Foodora,-298.21,0.00,CZK,COMPLETED,
CARD_PAYMENT,Current,2026-08-13 12:00:00,2026-08-13 12:01:00,Paul Bakery,-124.70,0.00,CZK,COMPLETED,
CARD_PAYMENT,Current,2026-08-14 12:00:00,2026-08-14 12:01:00,Ryanair,-3420.00,0.00,CZK,COMPLETED,
CARD_PAYMENT,Current,2026-08-15 12:00:00,2026-08-15 12:01:00,Booking.com Hotel Lisboa,-6890.00,0.00,CZK,COMPLETED,
CARD_PAYMENT,Current,2026-08-16 12:00:00,2026-08-16 12:01:00,Kavárna Místo,-100.82,0.00,CZK,COMPLETED,
CARD_PAYMENT,Current,2026-08-18 12:00:00,2026-08-18 12:01:00,Bolt Food,-401.13,0.00,CZK,COMPLETED,
CARD_PAYMENT,Current,2026-08-18 12:00:00,2026-08-18 12:01:00,Sushi Bar,-563.74,0.00,CZK,COMPLETED,
CARD_PAYMENT,Current,2026-08-19 12:00:00,2026-08-19 12:01:00,Starbucks,-79.16,0.00,CZK,COMPLETED,
CARD_PAYMENT,Current,2026-08-20 12:00:00,2026-08-20 12:01:00,Uber,-147.48,0.00,CZK,COMPLETED,
CARD_PAYMENT,Current,2026-08-22 12:00:00,2026-08-22 12:01:00,Kavárna Místo,-87.32,0.00,CZK,COMPLETED,
CARD_PAYMENT,Current,2026-08-23 12:00:00,2026-08-23 12:01:00,Foodora,-370.20,0.00,CZK,COMPLETED,
CARD_PAYMENT,Current,2026-08-24 12:00:00,2026-08-24 12:01:00,Sushi Bar,-672.55,0.00,CZK,COMPLETED,
CARD_PAYMENT,Current,2026-08-25 12:00:00,2026-08-25 12:01:00,Zabka,-83.88,0.00,CZK,COMPLETED,
CARD_PAYMENT,Current,2026-08-28 12:00:00,2026-08-28 12:01:00,Foodora,-352.28,0.00,CZK,COMPLETED,
CARD_PAYMENT,Current,2026-09-01 12:00:00,2026-09-01 12:01:00,Form Factory,-790.00,0.00,CZK,COMPLETED,
CARD_PAYMENT,Current,2026-09-01 12:00:00,2026-09-01 12:01:00,Starbucks,-81.12,0.00,CZK,COMPLETED,
CARD_PAYMENT,Current,2026-09-01 12:00:00,2026-09-01 12:01:00,Starbucks,-88.42,0.00,CZK,COMPLETED,
CARD_PAYMENT,Current,2026-09-03 12:00:00,2026-09-03 12:01:00,Netflix,-299.00,0.00,CZK,COMPLETED,
CARD_PAYMENT,Current,2026-09-03 12:00:00,2026-09-03 12:01:00,Spotify,-199.00,0.00,CZK,COMPLETED,
CARD_PAYMENT,Current,2026-09-03 12:00:00,2026-09-03 12:01:00,Wolt,-317.05,0.00,CZK,COMPLETED,
CARD_PAYMENT,Current,2026-09-04 12:00:00,2026-09-04 12:01:00,Paul Bakery,-105.97,0.00,CZK,COMPLETED,
CARD_PAYMENT,Current,2026-09-04 12:00:00,2026-09-04 12:01:00,Starbucks,-129.36,0.00,CZK,COMPLETED,
CARD_PAYMENT,Current,2026-09-04 12:00:00,2026-09-04 12:01:00,Uber,-148.84,0.00,CZK,COMPLETED,
CARD_PAYMENT,Current,2026-09-06 12:00:00,2026-09-06 12:01:00,Pizza Nuova,-540.28,0.00,CZK,COMPLETED,
CARD_PAYMENT,Current,2026-09-07 12:00:00,2026-09-07 12:01:00,HBO Max,-259.00,0.00,CZK,COMPLETED,
CARD_PAYMENT,Current,2026-09-07 12:00:00,2026-09-07 12:01:00,Costa Coffee,-114.18,0.00,CZK,COMPLETED,
CARD_PAYMENT,Current,2026-09-07 12:00:00,2026-09-07 12:01:00,Starbucks,-134.16,0.00,CZK,COMPLETED,
CARD_PAYMENT,Current,2026-09-08 12:00:00,2026-09-08 12:01:00,Bolt Food,-346.25,0.00,CZK,COMPLETED,
CARD_PAYMENT,Current,2026-09-09 12:00:00,2026-09-09 12:01:00,Apple.com/bill,-79.00,0.00,CZK,COMPLETED,
CARD_PAYMENT,Current,2026-09-10 12:00:00,2026-09-10 12:01:00,Zabka,-124.69,0.00,CZK,COMPLETED,
CARD_PAYMENT,Current,2026-09-10 12:00:00,2026-09-10 12:01:00,Starbucks,-119.37,0.00,CZK,COMPLETED,
TOPUP,Current,2026-09-11 12:00:00,2026-09-11 12:01:00,Top-Up by *1234,6000.00,0.00,CZK,COMPLETED,
CARD_PAYMENT,Current,2026-09-12 12:00:00,2026-09-12 12:01:00,Pizza Nuova,-719.89,0.00,CZK,COMPLETED,
CARD_PAYMENT,Current,2026-09-12 12:00:00,2026-09-12 12:01:00,Bolt,-36.11,0.00,CZK,COMPLETED,
CARD_PAYMENT,Current,2026-09-13 12:00:00,2026-09-13 12:01:00,Wolt,-424.94,0.00,CZK,COMPLETED,
CARD_PAYMENT,Current,2026-09-13 12:00:00,2026-09-13 12:01:00,Starbucks,-73.63,0.00,CZK,COMPLETED,
CARD_PAYMENT,Current,2026-09-13 12:00:00,2026-09-13 12:01:00,Costa Coffee,-125.97,0.00,CZK,COMPLETED,
CARD_PAYMENT,Current,2026-09-16 12:00:00,2026-09-16 12:01:00,Starbucks,-79.91,0.00,CZK,COMPLETED,
CARD_PAYMENT,Current,2026-09-16 12:00:00,2026-09-16 12:01:00,Kavárna Místo,-91.60,0.00,CZK,COMPLETED,
CARD_PAYMENT,Current,2026-09-18 12:00:00,2026-09-18 12:01:00,Wolt,-442.53,0.00,CZK,COMPLETED,
CARD_PAYMENT,Current,2026-09-18 12:00:00,2026-09-18 12:01:00,Bistro Proti proudu,-530.38,0.00,CZK,COMPLETED,
CARD_PAYMENT,Current,2026-09-19 12:00:00,2026-09-19 12:01:00,Costa Coffee,-97.81,0.00,CZK,COMPLETED,
CARD_PAYMENT,Current,2026-09-20 12:00:00,2026-09-20 12:01:00,Uber,-145.66,0.00,CZK,COMPLETED,
CARD_PAYMENT,Current,2026-09-21 12:00:00,2026-09-21 12:01:00,GoOut Lucerna Music Bar,-890.00,0.00,CZK,COMPLETED,
CARD_PAYMENT,Current,2026-09-22 12:00:00,2026-09-22 12:01:00,Costa Coffee,-125.18,0.00,CZK,COMPLETED,
CARD_PAYMENT,Current,2026-09-23 12:00:00,2026-09-23 12:01:00,Bolt Food,-443.91,0.00,CZK,COMPLETED,
CARD_PAYMENT,Current,2026-09-24 12:00:00,2026-09-24 12:01:00,Sushi Bar,-648.87,0.00,CZK,COMPLETED,
CARD_PAYMENT,Current,2026-09-25 12:00:00,2026-09-25 12:01:00,Starbucks,-63.83,0.00,CZK,COMPLETED,